{"Mean":{"confidence_interval":{"confidence_level":0.95,"lower_bound":26840194.95589141,"upper_bound":26862380.38268586},"point_estimate":26850533.847509865,"standard_error":5653.658883144548},"Median":{"confidence_interval":{"confidence_level":0.95,"lower_bound":26840458.76470588,"upper_bound":26853047.94117647},"point_estimate":26848312.2070802,"standard_error":3262.0061682288306},"MedianAbsDev":{"confidence_interval":{"confidence_level":0.95,"lower_bound":23143.36592286119,"upper_bound":38489.39132473986},"point_estimate":31063.151970974242,"standard_error":3900.1972578369464},"Slope":{"confidence_interval":{"confidence_level":0.95,"lower_bound":26847877.989153303,"upper_bound":26859863.318623953},"point_estimate":26853956.021421604,"standard_error":3056.70964115298},"StdDev":{"confidence_interval":{"confidence_level":0.95,"lower_bound":33598.07077095489,"upper_bound":81152.97373291537},"point_estimate":56908.36428914373,"standard_error":12950.021115408574}}