{"Mean":{"confidence_interval":{"confidence_level":0.95,"lower_bound":-0.058029551833451515,"upper_bound":-0.040949834669030266},"point_estimate":-0.04914750481525887,"standard_error":0.0043534921299828305},"Median":{"confidence_interval":{"confidence_level":0.95,"lower_bound":-0.05560264446579688,"upper_bound":-0.044465451261662126},"point_estimate":-0.050968552332237294,"standard_error":0.0028848255744860405}}