{"Mean":{"confidence_interval":{"confidence_level":0.95,"lower_bound":19444156.969925504,"upper_bound":19563369.368689686},"point_estimate":19501926.28058506,"standard_error":30567.67373165103},"Median":{"confidence_interval":{"confidence_level":0.95,"lower_bound":19398928.45078916,"upper_bound":19520407.805194806},"point_estimate":19448108.55357143,"standard_error":34772.8833240527},"MedianAbsDev":{"confidence_interval":{"confidence_level":0.95,"lower_bound":211521.2980528733,"upper_bound":340409.6346007516},"point_estimate":291039.0665502364,"standard_error":33164.897189108684},"Slope":{"confidence_interval":{"confidence_level":0.95,"lower_bound":19359196.507892717,"upper_bound":19492589.692596227},"point_estimate":19422494.214236736,"standard_error":33941.20237663475},"StdDev":{"confidence_interval":{"confidence_level":0.95,"lower_bound":242091.20435217637,"upper_bound":370931.70880624565},"point_estimate":307042.8147494466,"standard_error":33271.72642485305}}