{"Mean":{"confidence_interval":{"confidence_level":0.95,"lower_bound":-0.1587515018699704,"upper_bound":-0.11830404655390285},"point_estimate":-0.13809114956159507,"standard_error":0.01028771301266677},"Median":{"confidence_interval":{"confidence_level":0.95,"lower_bound":-0.1565598304269321,"upper_bound":-0.12080732414358608},"point_estimate":-0.1395667360189805,"standard_error":0.00908548663358659}}