{"Mean":{"confidence_interval":{"confidence_level":0.95,"lower_bound":-0.11387027058735438,"upper_bound":-0.1108329820443758},"point_estimate":-0.11241956168912959,"standard_error":0.0007769058360856254},"Median":{"confidence_interval":{"confidence_level":0.95,"lower_bound":-0.11422174824621967,"upper_bound":-0.11112214546720245},"point_estimate":-0.11246093891099807,"standard_error":0.0008054667951843957}}