{"Mean":{"confidence_interval":{"confidence_level":0.95,"lower_bound":8346397.294790433,"upper_bound":8378179.437374967},"point_estimate":8362128.059813118,"standard_error":8117.114163903058},"Median":{"confidence_interval":{"confidence_level":0.95,"lower_bound":8328775.159090909,"upper_bound":8372874.623860182},"point_estimate":8351733.042471043,"standard_error":11870.079306403259},"MedianAbsDev":{"confidence_interval":{"confidence_level":0.95,"lower_bound":69423.24793704312,"upper_bound":110246.92631711876},"point_estimate":91284.93094755219,"standard_error":10186.366593648641},"Slope":{"confidence_interval":{"confidence_level":0.95,"lower_bound":8356838.568257908,"upper_bound":8390933.805859268},"point_estimate":8373804.001016699,"standard_error":8689.857743235694},"StdDev":{"confidence_interval":{"confidence_level":0.95,"lower_bound":71135.48050650347,"upper_bound":90477.62975972438},"point_estimate":81476.1727456197,"standard_error":4931.9787607520875}}