{"Mean":{"confidence_interval":{"confidence_level":0.95,"lower_bound":-0.06352164473881963,"upper_bound":-0.023798092390772872},"point_estimate":-0.0448967993663143,"standard_error":0.010115440068702656},"Median":{"confidence_interval":{"confidence_level":0.95,"lower_bound":-0.06180720161296971,"upper_bound":-0.024721679149792175},"point_estimate":-0.04298068788334375,"standard_error":0.009465107242847479}}