{"Mean":{"confidence_interval":{"confidence_level":0.95,"lower_bound":-0.32541755431125996,"upper_bound":-0.3186474177292163},"point_estimate":-0.32206121847671987,"standard_error":0.0017332206806768451},"Median":{"confidence_interval":{"confidence_level":0.95,"lower_bound":-0.3224705827702443,"upper_bound":-0.31764655033227246},"point_estimate":-0.31950869408612304,"standard_error":0.0011691665881558213}}