{"Mean":{"confidence_interval":{"confidence_level":0.95,"lower_bound":3305153.8513702773,"upper_bound":3327687.4293785617},"point_estimate":3317188.0088176513,"standard_error":5736.372918842089},"Median":{"confidence_interval":{"confidence_level":0.95,"lower_bound":3316553.3849206353,"upper_bound":3334847.649350649},"point_estimate":3328538.6202651514,"standard_error":4393.965128610314},"MedianAbsDev":{"confidence_interval":{"confidence_level":0.95,"lower_bound":27855.332084976624,"upper_bound":41736.51853962804},"point_estimate":35090.061147716624,"standard_error":3447.127447058907},"Slope":{"confidence_interval":{"confidence_level":0.95,"lower_bound":3326186.3302461673,"upper_bound":3341193.9739647526},"point_estimate":3333677.196966159,"standard_error":3819.4178366118363},"StdDev":{"confidence_interval":{"confidence_level":0.95,"lower_bound":38282.982856658266,"upper_bound":74223.10937118677},"point_estimate":57665.60860455612,"standard_error":9222.3676276465}}