{"Mean":{"confidence_interval":{"confidence_level":0.95,"lower_bound":-0.32386856493501803,"upper_bound":-0.3139327151678909},"point_estimate":-0.31917756824253163,"standard_error":0.002514579215090195},"Median":{"confidence_interval":{"confidence_level":0.95,"lower_bound":-0.3246914588820695,"upper_bound":-0.31814418754239926},"point_estimate":-0.32187334162414205,"standard_error":0.0016761462883925313}}