{"Mean":{"confidence_interval":{"confidence_level":0.95,"lower_bound":-0.10710915612331033,"upper_bound":-0.09578941699184029},"point_estimate":-0.10112206535361434,"standard_error":0.0028813569541562304},"Median":{"confidence_interval":{"confidence_level":0.95,"lower_bound":-0.10272626219609649,"upper_bound":-0.09600385285550161},"point_estimate":-0.09867372449796796,"standard_error":0.0017416657180430641}}