{"Mean":{"confidence_interval":{"confidence_level":0.95,"lower_bound":9419769.890992653,"upper_bound":9473275.096723042},"point_estimate":9445591.054898167,"standard_error":13652.285648707022},"Median":{"confidence_interval":{"confidence_level":0.95,"lower_bound":9392033.359375,"upper_bound":9451445.969072165},"point_estimate":9424013.480113637,"standard_error":15901.4240882833},"MedianAbsDev":{"confidence_interval":{"confidence_level":0.95,"lower_bound":76688.60040214051,"upper_bound":135367.5259463689},"point_estimate":98953.31746084132,"standard_error":15110.349191372492},"Slope":{"confidence_interval":{"confidence_level":0.95,"lower_bound":9454254.121337367,"upper_bound":9532656.377249816},"point_estimate":9492763.499952711,"standard_error":19982.878897082},"StdDev":{"confidence_interval":{"confidence_level":0.95,"lower_bound":108806.88360460341,"upper_bound":161381.22360741932},"point_estimate":136944.6393899296,"standard_error":13464.51923020847}}