{"Mean":{"confidence_interval":{"confidence_level":0.95,"lower_bound":991208.5200634929,"upper_bound":1017973.4025588641},"point_estimate":1003840.2531813863,"standard_error":6809.495776549458},"Median":{"confidence_interval":{"confidence_level":0.95,"lower_bound":987665.9542857143,"upper_bound":1014274.9658848614},"point_estimate":1000278.257208238,"standard_error":7098.215652880282},"MedianAbsDev":{"confidence_interval":{"confidence_level":0.95,"lower_bound":32995.23437247399,"upper_bound":55450.0137600378},"point_estimate":43985.79526042319,"standard_error":5847.426726167473},"Slope":{"confidence_interval":{"confidence_level":0.95,"lower_bound":986637.5288009286,"upper_bound":1003912.6608626696},"point_estimate":995418.0727484219,"standard_error":4392.806280029727},"StdDev":{"confidence_interval":{"confidence_level":0.95,"lower_bound":46027.18241542524,"upper_bound":92782.87166650624},"point_estimate":68200.61744901295,"standard_error":12675.75776194427}}