{"Mean":{"confidence_interval":{"confidence_level":0.95,"lower_bound":5650026.924270352,"upper_bound":5684840.607035357},"point_estimate":5667412.568314965,"standard_error":8857.598604433615},"Median":{"confidence_interval":{"confidence_level":0.95,"lower_bound":5647541.7271241825,"upper_bound":5677415.687765958},"point_estimate":5660868.182910839,"standard_error":7959.923277174493},"MedianAbsDev":{"confidence_interval":{"confidence_level":0.95,"lower_bound":52275.65839141531,"upper_bound":101053.01653970042},"point_estimate":75641.71945785813,"standard_error":12292.083385563084},"Slope":{"confidence_interval":{"confidence_level":0.95,"lower_bound":5654429.0040409,"upper_bound":5681010.620078685},"point_estimate":5667376.761019655,"standard_error":6776.363886657209},"StdDev":{"confidence_interval":{"confidence_level":0.95,"lower_bound":73865.82823924503,"upper_bound":102401.2719166125},"point_estimate":88712.83696143184,"standard_error":7297.783447724639}}