{"Mean":{"confidence_interval":{"confidence_level":0.95,"lower_bound":24509267.60794171,"upper_bound":24717844.629325375},"point_estimate":24607396.811053783,"standard_error":53297.93352323075},"Median":{"confidence_interval":{"confidence_level":0.95,"lower_bound":24274023.33898305,"upper_bound":24760010.533333335},"point_estimate":24508971.861111112,"standard_error":144442.5491749031},"MedianAbsDev":{"confidence_interval":{"confidence_level":0.95,"lower_bound":216619.67330514218,"upper_bound":701341.9054486906},"point_estimate":497777.4208935065,"standard_error":125259.58152661129},"Slope":{"confidence_interval":{"confidence_level":0.95,"lower_bound":24249822.187528484,"upper_bound":24362186.361244146},"point_estimate":24298705.244247083,"standard_error":28703.829804405086},"StdDev":{"confidence_interval":{"confidence_level":0.95,"lower_bound":379436.87622831913,"upper_bound":728325.0227792466},"point_estimate":537443.8960786142,"standard_error":102498.43360703364}}