{"Mean":{"confidence_interval":{"confidence_level":0.95,"lower_bound":3016062.537997267,"upper_bound":3047012.180109376},"point_estimate":3031439.9588587196,"standard_error":7849.799782007964},"Median":{"confidence_interval":{"confidence_level":0.95,"lower_bound":3014662.6591474446,"upper_bound":3043091.552631579},"point_estimate":3023931.1656843014,"standard_error":8319.766618362919},"MedianAbsDev":{"confidence_interval":{"confidence_level":0.95,"lower_bound":37513.61536222571,"upper_bound":60873.4415288679},"point_estimate":47239.24662577155,"standard_error":5878.393311099553},"Slope":{"confidence_interval":{"confidence_level":0.95,"lower_bound":3021574.2738237428,"upper_bound":3038343.5725129694},"point_estimate":3029998.2358268066,"standard_error":4293.792800359255},"StdDev":{"confidence_interval":{"confidence_level":0.95,"lower_bound":60104.01793086889,"upper_bound":96380.1720116353},"point_estimate":79187.59886844031,"standard_error":9289.683075306064}}