{"Mean":{"confidence_interval":{"confidence_level":0.95,"lower_bound":-0.038968089410762005,"upper_bound":-0.0379117706965493},"point_estimate":-0.038449249029113286,"standard_error":0.00027152124267524344},"Median":{"confidence_interval":{"confidence_level":0.95,"lower_bound":-0.03886499722501746,"upper_bound":-0.037922664642231374},"point_estimate":-0.03839878103463168,"standard_error":0.00023715025539777304}}