{"Mean":{"confidence_interval":{"confidence_level":0.95,"lower_bound":749309.9418806803,"upper_bound":773646.2578054484},"point_estimate":759941.2998824369,"standard_error":6231.766660902108},"Median":{"confidence_interval":{"confidence_level":0.95,"lower_bound":750932.1839859438,"upper_bound":764590.3522727273},"point_estimate":757317.1775943397,"standard_error":4102.437906801201},"MedianAbsDev":{"confidence_interval":{"confidence_level":0.95,"lower_bound":18931.63674926109,"upper_bound":32717.966289543543},"point_estimate":22965.370706640948,"standard_error":3563.524074744246},"Slope":{"confidence_interval":{"confidence_level":0.95,"lower_bound":744644.1194416581,"upper_bound":757410.4334146117},"point_estimate":751261.6048843653,"standard_error":3262.4418735571307},"StdDev":{"confidence_interval":{"confidence_level":0.95,"lower_bound":31034.690855163884,"upper_bound":96334.87484570687},"point_estimate":62839.50300440783,"standard_error":19737.89988478101}}