{"Mean":{"confidence_interval":{"confidence_level":0.95,"lower_bound":-0.11267733277574651,"upper_bound":-0.1025273679765214},"point_estimate":-0.10736006687375754,"standard_error":0.00258860574322387},"Median":{"confidence_interval":{"confidence_level":0.95,"lower_bound":-0.11058909013413587,"upper_bound":-0.10319405066777698},"point_estimate":-0.10691861238985112,"standard_error":0.0018777186575032496}}