{"Mean":{"confidence_interval":{"confidence_level":0.95,"lower_bound":11902687.438097043,"upper_bound":11931537.582526034},"point_estimate":11916120.120781373,"standard_error":7358.506470667492},"Median":{"confidence_interval":{"confidence_level":0.95,"lower_bound":11896432.5,"upper_bound":11921983.00354056},"point_estimate":11910278.553960964,"standard_error":5731.413243166962},"MedianAbsDev":{"confidence_interval":{"confidence_level":0.95,"lower_bound":34611.32223589064,"upper_bound":59671.76218145131},"point_estimate":46211.801097983844,"standard_error":6389.718864362419},"Slope":{"confidence_interval":{"confidence_level":0.95,"lower_bound":11914501.72406181,"upper_bound":11937755.415076286},"point_estimate":11926260.055008128,"standard_error":5937.711082233236},"StdDev":{"confidence_interval":{"confidence_level":0.95,"lower_bound":46619.69457375218,"upper_bound":105563.37854943397},"point_estimate":74132.25192829614,"standard_error":16977.25543142338}}