{"Mean":{"confidence_interval":{"confidence_level":0.95,"lower_bound":-0.06433908710501603,"upper_bound":-0.04796313552167415},"point_estimate":-0.055856069323653834,"standard_error":0.004223306182746556},"Median":{"confidence_interval":{"confidence_level":0.95,"lower_bound":-0.06373381057041738,"upper_bound":-0.042642508406901425},"point_estimate":-0.05264737557624144,"standard_error":0.005113406467932732}}