{"Mean":{"confidence_interval":{"confidence_level":0.95,"lower_bound":770680.5556066589,"upper_bound":797097.8954490599},"point_estimate":784698.9603316103,"standard_error":6804.012911866852},"Median":{"confidence_interval":{"confidence_level":0.95,"lower_bound":792494.5043712797,"upper_bound":811420.7063586956},"point_estimate":806797.8703289474,"standard_error":5319.885727847627},"MedianAbsDev":{"confidence_interval":{"confidence_level":0.95,"lower_bound":25308.984061554253,"upper_bound":45621.7874253739},"point_estimate":35744.264063174436,"standard_error":5264.837783908674},"Slope":{"confidence_interval":{"confidence_level":0.95,"lower_bound":781948.2650314356,"upper_bound":798390.4565674968},"point_estimate":790100.6355955371,"standard_error":4201.7145571203555},"StdDev":{"confidence_interval":{"confidence_level":0.95,"lower_bound":45506.69399054117,"upper_bound":88200.08290572015},"point_estimate":68154.41293330443,"standard_error":11005.45393739975}}