{"Mean":{"confidence_interval":{"confidence_level":0.95,"lower_bound":-0.06616530223863439,"upper_bound":-0.03256005717590605},"point_estimate":-0.04940820875554486,"standard_error":0.008463804828486736},"Median":{"confidence_interval":{"confidence_level":0.95,"lower_bound":-0.06673794488636042,"upper_bound":-0.03190211149136839},"point_estimate":-0.04778621030830099,"standard_error":0.008831019934897988}}