{"Mean":{"confidence_interval":{"confidence_level":0.95,"lower_bound":-0.08090073686959744,"upper_bound":-0.0523908144491737},"point_estimate":-0.0659036898793054,"standard_error":0.007247727991515778},"Median":{"confidence_interval":{"confidence_level":0.95,"lower_bound":-0.07419976691491224,"upper_bound":-0.04728883030758935},"point_estimate":-0.062129615697324,"standard_error":0.00704619938202783}}