{"Mean":{"confidence_interval":{"confidence_level":0.95,"lower_bound":-0.03110953499900825,"upper_bound":-0.016566935429798292},"point_estimate":-0.023350806097842902,"standard_error":0.0036157917415340197},"Median":{"confidence_interval":{"confidence_level":0.95,"lower_bound":-0.03324296685628936,"upper_bound":-0.021448520934514326},"point_estimate":-0.025851406103203356,"standard_error":0.003115431893193386}}