{"Mean":{"confidence_interval":{"confidence_level":0.95,"lower_bound":4882765.81162119,"upper_bound":4950606.047947124},"point_estimate":4915788.249474809,"standard_error":17299.691827033053},"Median":{"confidence_interval":{"confidence_level":0.95,"lower_bound":4839606.322580645,"upper_bound":4925087.21875},"point_estimate":4872114.382375777,"standard_error":21640.794019851488},"MedianAbsDev":{"confidence_interval":{"confidence_level":0.95,"lower_bound":121344.72364769397,"upper_bound":199237.1452140069},"point_estimate":155402.71070859345,"standard_error":20560.61999965849},"Slope":{"confidence_interval":{"confidence_level":0.95,"lower_bound":4929138.272566053,"upper_bound":5026191.224072138},"point_estimate":4976247.985773607,"standard_error":24834.215435324015},"StdDev":{"confidence_interval":{"confidence_level":0.95,"lower_bound":144335.98912880913,"upper_bound":199929.66954018502},"point_estimate":173679.19455657783,"standard_error":14144.133900398992}}