{"Mean":{"confidence_interval":{"confidence_level":0.95,"lower_bound":2390191.6840276546,"upper_bound":2416099.0437420043},"point_estimate":2402543.5960503262,"standard_error":6613.020699002157},"Median":{"confidence_interval":{"confidence_level":0.95,"lower_bound":2389174.119047619,"upper_bound":2407120.5710526314},"point_estimate":2398813.778469013,"standard_error":4552.589246177713},"MedianAbsDev":{"confidence_interval":{"confidence_level":0.95,"lower_bound":27126.213903085227,"upper_bound":45027.85227090382},"point_estimate":34738.522029967084,"standard_error":4641.078916033138},"Slope":{"confidence_interval":{"confidence_level":0.95,"lower_bound":2391575.715964741,"upper_bound":2406643.7741128784},"point_estimate":2398934.299357667,"standard_error":3853.6605654739615},"StdDev":{"confidence_interval":{"confidence_level":0.95,"lower_bound":42523.26517267835,"upper_bound":90021.48432181732},"point_estimate":66565.1719837095,"standard_error":12316.161775945706}}