{"Mean":{"confidence_interval":{"confidence_level":0.95,"lower_bound":-0.06452448060236803,"upper_bound":-0.05299974971240184},"point_estimate":-0.05862393175895497,"standard_error":0.002958999197059097},"Median":{"confidence_interval":{"confidence_level":0.95,"lower_bound":-0.06121523753344043,"upper_bound":-0.05206782314140268},"point_estimate":-0.05833020548867762,"standard_error":0.0024937589967720906}}