{"Mean":{"confidence_interval":{"confidence_level":0.95,"lower_bound":3616945.9549929677,"upper_bound":3640913.487558171},"point_estimate":3629234.2605987913,"standard_error":6087.284936329955},"Median":{"confidence_interval":{"confidence_level":0.95,"lower_bound":3622391.6180555555,"upper_bound":3639699.807017544},"point_estimate":3632103.683257919,"standard_error":3908.858498419338},"MedianAbsDev":{"confidence_interval":{"confidence_level":0.95,"lower_bound":23070.20041249181,"upper_bound":52063.5893350512},"point_estimate":33434.308677850706,"standard_error":8030.207222162636},"Slope":{"confidence_interval":{"confidence_level":0.95,"lower_bound":3626367.311195059,"upper_bound":3640312.849346039},"point_estimate":3633306.983732821,"standard_error":3559.320180440004},"StdDev":{"confidence_interval":{"confidence_level":0.95,"lower_bound":47543.35873987934,"upper_bound":73911.85623140036},"point_estimate":61302.900976296056,"standard_error":6774.411807709705}}