{"Mean":{"confidence_interval":{"confidence_level":0.95,"lower_bound":-0.11289677773911377,"upper_bound":-0.10762530640802857},"point_estimate":-0.1105435314219192,"standard_error":0.0013607213321423293},"Median":{"confidence_interval":{"confidence_level":0.95,"lower_bound":-0.1154530369138077,"upper_bound":-0.10831851565140727},"point_estimate":-0.11119594579960268,"standard_error":0.001844655475309005}}