{"Mean":{"confidence_interval":{"confidence_level":0.95,"lower_bound":-0.017236174545198366,"upper_bound":0.005336755072041196},"point_estimate":-0.00653821982509506,"standard_error":0.005791605003081756},"Median":{"confidence_interval":{"confidence_level":0.95,"lower_bound":-0.03524921451374696,"upper_bound":-0.009216256962999436},"point_estimate":-0.027410976208084414,"standard_error":0.006733885230047194}}