{"Mean":{"confidence_interval":{"confidence_level":0.95,"lower_bound":10662148.830385935,"upper_bound":10689371.062608026},"point_estimate":10675548.274406418,"standard_error":6941.061850747831},"Median":{"confidence_interval":{"confidence_level":0.95,"lower_bound":10655250.75925926,"upper_bound":10678277.911991764},"point_estimate":10667383.700152788,"standard_error":6790.0203189927815},"MedianAbsDev":{"confidence_interval":{"confidence_level":0.95,"lower_bound":45426.94025520621,"upper_bound":86894.86279015579},"point_estimate":69755.0109669335,"standard_error":10553.807444036887},"Slope":{"confidence_interval":{"confidence_level":0.95,"lower_bound":10669619.204153076,"upper_bound":10699854.466872513},"point_estimate":10684761.18415546,"standard_error":7698.394959420145},"StdDev":{"confidence_interval":{"confidence_level":0.95,"lower_bound":58273.814968651044,"upper_bound":80341.17519257356},"point_estimate":69700.67698633659,"standard_error":5617.093430109494}}