{"Mean":{"confidence_interval":{"confidence_level":0.95,"lower_bound":-0.1098093790252367,"upper_bound":-0.10035280834998683},"point_estimate":-0.10509353786787468,"standard_error":0.0024230434873694488},"Median":{"confidence_interval":{"confidence_level":0.95,"lower_bound":-0.11433388606685202,"upper_bound":-0.10125237147704774},"point_estimate":-0.10675040993606377,"standard_error":0.0033536145164308646}}