{"Mean":{"confidence_interval":{"confidence_level":0.95,"lower_bound":-0.08316417109422189,"upper_bound":-0.04325261873485175},"point_estimate":-0.0656726889150071,"standard_error":0.010175717176302926},"Median":{"confidence_interval":{"confidence_level":0.95,"lower_bound":-0.08343018831905569,"upper_bound":-0.05544414536419939},"point_estimate":-0.06930961285414516,"standard_error":0.007082874720698429}}