{"Mean":{"confidence_interval":{"confidence_level":0.95,"lower_bound":-0.02549594793443939,"upper_bound":-0.005436315494212427},"point_estimate":-0.016040197205689388,"standard_error":0.0052019521167605805},"Median":{"confidence_interval":{"confidence_level":0.95,"lower_bound":-0.042928876162984735,"upper_bound":-0.037309588657155494},"point_estimate":-0.0402915993056433,"standard_error":0.0013581990799294637}}