{"Mean":{"confidence_interval":{"confidence_level":0.95,"lower_bound":2701190.7948533692,"upper_bound":2720772.387996122},"point_estimate":2710773.6741457228,"standard_error":4966.170616247706},"Median":{"confidence_interval":{"confidence_level":0.95,"lower_bound":2702674.5786594655,"upper_bound":2719890.543650794},"point_estimate":2711612.347222222,"standard_error":4084.1904635445076},"MedianAbsDev":{"confidence_interval":{"confidence_level":0.95,"lower_bound":25624.3213454604,"upper_bound":41555.33793232676},"point_estimate":33740.14946932581,"standard_error":4024.582146613835},"Slope":{"confidence_interval":{"confidence_level":0.95,"lower_bound":2706022.5853085183,"upper_bound":2719131.137389115},"point_estimate":2712714.9157962664,"standard_error":3343.3778264463795},"StdDev":{"confidence_interval":{"confidence_level":0.95,"lower_bound":38574.13715561358,"upper_bound":61248.27338738558},"point_estimate":50142.865772349316,"standard_error":5834.3310048166595}}