{"Mean":{"confidence_interval":{"confidence_level":0.95,"lower_bound":860492.5697388418,"upper_bound":897347.9691039649},"point_estimate":878180.775300267,"standard_error":9358.546439356782},"Median":{"confidence_interval":{"confidence_level":0.95,"lower_bound":865063.3551289104,"upper_bound":889801.0533530796},"point_estimate":877114.3796869311,"standard_error":6562.672439061469},"MedianAbsDev":{"confidence_interval":{"confidence_level":0.95,"lower_bound":35441.127391238006,"upper_bound":69838.25295314142},"point_estimate":47964.22992768835,"standard_error":8600.398025472152},"Slope":{"confidence_interval":{"confidence_level":0.95,"lower_bound":863990.7650509499,"upper_bound":880863.4070212689},"point_estimate":872488.2716337689,"standard_error":4308.000888442882},"StdDev":{"confidence_interval":{"confidence_level":0.95,"lower_bound":60623.14147036685,"upper_bound":128944.22654483098},"point_estimate":94042.95844817466,"standard_error":18181.95589743671}}