{"Mean":{"confidence_interval":{"confidence_level":0.95,"lower_bound":6908523.039417522,"upper_bound":6969842.154144279},"point_estimate":6937927.889947685,"standard_error":15607.070921678589},"Median":{"confidence_interval":{"confidence_level":0.95,"lower_bound":6891697.0,"upper_bound":6963778.506493507},"point_estimate":6929321.847128378,"standard_error":20075.324533131963},"MedianAbsDev":{"confidence_interval":{"confidence_level":0.95,"lower_bound":90962.17540714922,"upper_bound":147501.13079227353},"point_estimate":113883.31672585892,"standard_error":14469.90329058391},"Slope":{"confidence_interval":{"confidence_level":0.95,"lower_bound":6905422.409559535,"upper_bound":6949574.062430539},"point_estimate":6927730.700268952,"standard_error":11260.930684989988},"StdDev":{"confidence_interval":{"confidence_level":0.95,"lower_bound":113336.59574978494,"upper_bound":204641.008255801},"point_estimate":156362.52257593352,"standard_error":24338.72259040551}}