{"Mean":{"confidence_interval":{"confidence_level":0.95,"lower_bound":864947.8950075537,"upper_bound":889752.0146744964},"point_estimate":877469.5675275269,"standard_error":6310.475504797711},"Median":{"confidence_interval":{"confidence_level":0.95,"lower_bound":869653.0378684807,"upper_bound":892561.7292358804},"point_estimate":878301.9215686275,"standard_error":6056.380896610266},"MedianAbsDev":{"confidence_interval":{"confidence_level":0.95,"lower_bound":31852.150540089286,"upper_bound":53833.47678587168},"point_estimate":41373.486301169694,"standard_error":5564.235477241602},"Slope":{"confidence_interval":{"confidence_level":0.95,"lower_bound":867705.8972653601,"upper_bound":885420.4597691668},"point_estimate":876701.7070738246,"standard_error":4515.130166273106},"StdDev":{"confidence_interval":{"confidence_level":0.95,"lower_bound":48957.867810778196,"upper_bound":76733.50064093387},"point_estimate":63505.02519472096,"standard_error":7091.4742959754185}}