{"Mean":{"confidence_interval":{"confidence_level":0.95,"lower_bound":1121820.2804454449,"upper_bound":1141853.253253491},"point_estimate":1132280.2607181817,"standard_error":5116.189581209776},"Median":{"confidence_interval":{"confidence_level":0.95,"lower_bound":1130969.423611111,"upper_bound":1145115.5462962964},"point_estimate":1136471.277092352,"standard_error":3094.7170292233795},"MedianAbsDev":{"confidence_interval":{"confidence_level":0.95,"lower_bound":24459.999531167326,"upper_bound":44447.2104670942},"point_estimate":35597.01568942077,"standard_error":5286.543987462081},"Slope":{"confidence_interval":{"confidence_level":0.95,"lower_bound":1127996.4014708616,"upper_bound":1143908.2666119912},"point_estimate":1136131.2211452639,"standard_error":4067.619048382694},"StdDev":{"confidence_interval":{"confidence_level":0.95,"lower_bound":35225.62906152253,"upper_bound":67296.1356084954},"point_estimate":51474.38803956027,"standard_error":8389.173719910066}}