{"Mean":{"confidence_interval":{"confidence_level":0.95,"lower_bound":16652284.17000114,"upper_bound":16992675.835481606},"point_estimate":16816752.475883294,"standard_error":86863.76770745999},"Median":{"confidence_interval":{"confidence_level":0.95,"lower_bound":16297302.87585034,"upper_bound":16359298.887365744},"point_estimate":16328361.13383986,"standard_error":16821.784628888843},"MedianAbsDev":{"confidence_interval":{"confidence_level":0.95,"lower_bound":66278.71992936653,"upper_bound":163760.66245933436},"point_estimate":104751.3272607315,"standard_error":26498.680308193376},"Slope":{"confidence_interval":{"confidence_level":0.95,"lower_bound":17237123.271463506,"upper_bound":17738044.01004924},"point_estimate":17504661.41136397,"standard_error":127661.99090139172},"StdDev":{"confidence_interval":{"confidence_level":0.95,"lower_bound":728490.3232600385,"upper_bound":978829.0197364492},"point_estimate":871402.638181578,"standard_error":64161.15603984395}}