{"Mean":{"confidence_interval":{"confidence_level":0.95,"lower_bound":2381734.2454986363,"upper_bound":2409532.296387193},"point_estimate":2394562.5208177483,"standard_error":7116.910914857808},"Median":{"confidence_interval":{"confidence_level":0.95,"lower_bound":2381260.306350626,"upper_bound":2398602.3958333335},"point_estimate":2390551.731824279,"standard_error":4408.332954741484},"MedianAbsDev":{"confidence_interval":{"confidence_level":0.95,"lower_bound":31012.44045203159,"upper_bound":49579.82323913784},"point_estimate":37654.58100119464,"standard_error":4727.112718614407},"Slope":{"confidence_interval":{"confidence_level":0.95,"lower_bound":2386102.486953127,"upper_bound":2401350.4409425235},"point_estimate":2393421.1756159794,"standard_error":3911.544981426577},"StdDev":{"confidence_interval":{"confidence_level":0.95,"lower_bound":42066.3869388632,"upper_bound":104086.53816586845},"point_estimate":71579.67847573844,"standard_error":17852.29099100563}}