{"Mean":{"confidence_interval":{"confidence_level":0.95,"lower_bound":-0.03680814284049927,"upper_bound":-0.021827743661899705},"point_estimate":-0.03036191813951805,"standard_error":0.003878923797762419},"Median":{"confidence_interval":{"confidence_level":0.95,"lower_bound":-0.044644480694221556,"upper_bound":-0.027106971817436043},"point_estimate":-0.037927174075926384,"standard_error":0.004459357286435743}}