{"Mean":{"confidence_interval":{"confidence_level":0.95,"lower_bound":2099013.834730258,"upper_bound":2129415.168793507},"point_estimate":2113143.0093723484,"standard_error":7768.160716425805},"Median":{"confidence_interval":{"confidence_level":0.95,"lower_bound":2092021.6021639616,"upper_bound":2118543.6013071896},"point_estimate":2103766.754371805,"standard_error":6622.877945292578},"MedianAbsDev":{"confidence_interval":{"confidence_level":0.95,"lower_bound":34483.33464207192,"upper_bound":58614.887567239115},"point_estimate":46905.162822622995,"standard_error":6220.782705380627},"Slope":{"confidence_interval":{"confidence_level":0.95,"lower_bound":2100604.4584743655,"upper_bound":2114388.727596523},"point_estimate":2107547.888414364,"standard_error":3501.740506808545},"StdDev":{"confidence_interval":{"confidence_level":0.95,"lower_bound":48594.300408602496,"upper_bound":110796.21580957234},"point_estimate":78395.58121276133,"standard_error":17633.438637557338}}