{"Mean":{"confidence_interval":{"confidence_level":0.95,"lower_bound":-0.07357580514499279,"upper_bound":-0.0629678522001445},"point_estimate":-0.06814296008809806,"standard_error":0.002713773812913376},"Median":{"confidence_interval":{"confidence_level":0.95,"lower_bound":-0.0658516514057561,"upper_bound":-0.05468803344470974},"point_estimate":-0.058052979250104,"standard_error":0.002807219687225623}}