{"Mean":{"confidence_interval":{"confidence_level":0.95,"lower_bound":3094648.325531063,"upper_bound":3122404.389862887},"point_estimate":3108475.7966901003,"standard_error":7058.971249135767},"Median":{"confidence_interval":{"confidence_level":0.95,"lower_bound":3092768.1228070175,"upper_bound":3123097.861111111},"point_estimate":3108702.074264706,"standard_error":7781.163762166301},"MedianAbsDev":{"confidence_interval":{"confidence_level":0.95,"lower_bound":38763.85160915976,"upper_bound":60567.79453088002},"point_estimate":48627.67856485433,"standard_error":5607.751879530162},"Slope":{"confidence_interval":{"confidence_level":0.95,"lower_bound":3100744.80833967,"upper_bound":3118378.3538191933},"point_estimate":3109602.786772573,"standard_error":4500.891464893839},"StdDev":{"confidence_interval":{"confidence_level":0.95,"lower_bound":49676.93698971638,"upper_bound":90493.6890138808},"point_estimate":70659.61497354737,"standard_error":10465.962090026627}}