{"Mean":{"confidence_interval":{"confidence_level":0.95,"lower_bound":4402341.7081444105,"upper_bound":4431023.386219502},"point_estimate":4416553.386812966,"standard_error":7278.101634148985},"Median":{"confidence_interval":{"confidence_level":0.95,"lower_bound":4411658.240476191,"upper_bound":4427720.052631579},"point_estimate":4420864.174440298,"standard_error":4027.902854811037},"MedianAbsDev":{"confidence_interval":{"confidence_level":0.95,"lower_bound":26386.15778978723,"upper_bound":55151.28082165075},"point_estimate":39206.54140724117,"standard_error":7134.171898137431},"Slope":{"confidence_interval":{"confidence_level":0.95,"lower_bound":4407122.827557154,"upper_bound":4421327.220336065},"point_estimate":4414253.727676962,"standard_error":3612.3779193951377},"StdDev":{"confidence_interval":{"confidence_level":0.95,"lower_bound":53502.615955708156,"upper_bound":90773.13116258486},"point_estimate":73141.57347454158,"standard_error":9518.694360020987}}