{"Mean":{"confidence_interval":{"confidence_level":0.95,"lower_bound":1799260.4008769195,"upper_bound":1818695.5017390056},"point_estimate":1809006.4190409598,"standard_error":4962.1926852271545},"Median":{"confidence_interval":{"confidence_level":0.95,"lower_bound":1795792.8815789474,"upper_bound":1821342.635},"point_estimate":1807663.8050824176,"standard_error":6273.898062806755},"MedianAbsDev":{"confidence_interval":{"confidence_level":0.95,"lower_bound":37173.25480042727,"upper_bound":56852.41969297541},"point_estimate":48246.76097030356,"standard_error":4848.003636618193},"Slope":{"confidence_interval":{"confidence_level":0.95,"lower_bound":1801488.0080411027,"upper_bound":1818101.1971853434},"point_estimate":1809834.870687897,"standard_error":4248.032148195583},"StdDev":{"confidence_interval":{"confidence_level":0.95,"lower_bound":40032.27041227867,"upper_bound":60351.15029347504},"point_estimate":49970.55012043426,"standard_error":5244.043504153496}}