{"Mean":{"confidence_interval":{"confidence_level":0.95,"lower_bound":-0.05647065907034543,"upper_bound":-0.01622516781777275},"point_estimate":-0.03814177356132964,"standard_error":0.010344469838783059},"Median":{"confidence_interval":{"confidence_level":0.95,"lower_bound":-0.0597088277925375,"upper_bound":-0.03381789610013963},"point_estimate":-0.04796661053742923,"standard_error":0.006683063697743588}}