{"Mean":{"confidence_interval":{"confidence_level":0.95,"lower_bound":11010064.853281349,"upper_bound":11034903.758264236},"point_estimate":11022413.136584077,"standard_error":6343.127481259294},"Median":{"confidence_interval":{"confidence_level":0.95,"lower_bound":11009506.529411765,"upper_bound":11038278.961538462},"point_estimate":11029506.24404762,"standard_error":7520.137301188432},"MedianAbsDev":{"confidence_interval":{"confidence_level":0.95,"lower_bound":39453.01894323095,"upper_bound":76286.49345856723},"point_estimate":60661.14145060875,"standard_error":8979.159307585525},"Slope":{"confidence_interval":{"confidence_level":0.95,"lower_bound":11012436.793730186,"upper_bound":11033842.641063169},"point_estimate":11023528.309850747,"standard_error":5461.051826458546},"StdDev":{"confidence_interval":{"confidence_level":0.95,"lower_bound":54654.23414843277,"upper_bound":72061.76381929008},"point_estimate":63777.45520327349,"standard_error":4450.995878780487}}