{"Mean":{"confidence_interval":{"confidence_level":0.95,"lower_bound":-0.3300811412971095,"upper_bound":-0.3222722992052228},"point_estimate":-0.326242528069694,"standard_error":0.001986501497092514},"Median":{"confidence_interval":{"confidence_level":0.95,"lower_bound":-0.3283156129620829,"upper_bound":-0.32340921617349705},"point_estimate":-0.32588163463056874,"standard_error":0.0012279595288515865}}