{"Mean":{"confidence_interval":{"confidence_level":0.95,"lower_bound":1852010.2817024004,"upper_bound":1880326.442391335},"point_estimate":1866426.645470776,"standard_error":7221.052308554251},"Median":{"confidence_interval":{"confidence_level":0.95,"lower_bound":1854649.641304348,"upper_bound":1893161.1433739837},"point_estimate":1873759.4028332308,"standard_error":8968.548479444076},"MedianAbsDev":{"confidence_interval":{"confidence_level":0.95,"lower_bound":42768.26406425383,"upper_bound":65613.19860077465},"point_estimate":52576.113946378726,"standard_error":5792.567476643315},"Slope":{"confidence_interval":{"confidence_level":0.95,"lower_bound":1857101.890481636,"upper_bound":1882794.522770798},"point_estimate":1870028.4021597458,"standard_error":6523.810859157068},"StdDev":{"confidence_interval":{"confidence_level":0.95,"lower_bound":56142.78888117093,"upper_bound":88773.1306041616},"point_estimate":72872.37769530137,"standard_error":8339.2903694643}}