{"Mean":{"confidence_interval":{"confidence_level":0.95,"lower_bound":8111837.215968341,"upper_bound":8184954.101825722},"point_estimate":8141981.650169052,"standard_error":18909.694663961905},"Median":{"confidence_interval":{"confidence_level":0.95,"lower_bound":8093600.68342296,"upper_bound":8146456.031546231},"point_estimate":8127368.872317006,"standard_error":14097.756082124264},"MedianAbsDev":{"confidence_interval":{"confidence_level":0.95,"lower_bound":67078.56126536719,"upper_bound":114799.65553994104},"point_estimate":80258.23000277464,"standard_error":11686.952314115973},"Slope":{"confidence_interval":{"confidence_level":0.95,"lower_bound":8122993.622555258,"upper_bound":8155892.179685025},"point_estimate":8139737.681903355,"standard_error":8402.922868452948},"StdDev":{"confidence_interval":{"confidence_level":0.95,"lower_bound":78097.21691603157,"upper_bound":302106.11324576475},"point_estimate":190383.76607714046,"standard_error":71570.29021283865}}