{"Mean":{"confidence_interval":{"confidence_level":0.95,"lower_bound":-0.09268398664096746,"upper_bound":-0.0616981088911712},"point_estimate":-0.07682816405722326,"standard_error":0.007928253763735202},"Median":{"confidence_interval":{"confidence_level":0.95,"lower_bound":-0.086402486987327,"upper_bound":-0.06369574430760894},"point_estimate":-0.07403935241960569,"standard_error":0.005878086471268687}}