{"Mean":{"confidence_interval":{"confidence_level":0.95,"lower_bound":-0.009943195539704333,"upper_bound":-0.0029773661753040707},"point_estimate":-0.006668634152240616,"standard_error":0.001757191971601861},"Median":{"confidence_interval":{"confidence_level":0.95,"lower_bound":-0.010673540269873771,"upper_bound":-0.003678095900810141},"point_estimate":-0.0077935651949528895,"standard_error":0.0019137214711083355}}