{"Mean":{"confidence_interval":{"confidence_level":0.95,"lower_bound":1052710.2339486247,"upper_bound":1077322.6270063901},"point_estimate":1064858.3629969666,"standard_error":6271.58501378504},"Median":{"confidence_interval":{"confidence_level":0.95,"lower_bound":1054051.9283675798,"upper_bound":1071730.037414966},"point_estimate":1065354.2381317185,"standard_error":5219.688539365852},"MedianAbsDev":{"confidence_interval":{"confidence_level":0.95,"lower_bound":30807.875458676128,"upper_bound":54383.76151011614},"point_estimate":41390.15051288656,"standard_error":5786.7483101550715},"Slope":{"confidence_interval":{"confidence_level":0.95,"lower_bound":1056473.4235791143,"upper_bound":1069810.0185600696},"point_estimate":1063193.836578001,"standard_error":3407.135146921933},"StdDev":{"confidence_interval":{"confidence_level":0.95,"lower_bound":47300.060771593686,"upper_bound":78374.38394643749},"point_estimate":63161.390572511336,"standard_error":7979.193729106564}}