{"Mean":{"confidence_interval":{"confidence_level":0.95,"lower_bound":13628883.660230579,"upper_bound":13646828.63305757},"point_estimate":13637565.174554283,"standard_error":4554.820827505776},"Median":{"confidence_interval":{"confidence_level":0.95,"lower_bound":13624550.2,"upper_bound":13641902.518518519},"point_estimate":13630764.473013949,"standard_error":4606.523090284524},"MedianAbsDev":{"confidence_interval":{"confidence_level":0.95,"lower_bound":28070.34558025462,"upper_bound":49412.88264274579},"point_estimate":37308.253988125805,"standard_error":5355.552604088386},"Slope":{"confidence_interval":{"confidence_level":0.95,"lower_bound":13633880.38509566,"upper_bound":13651243.9521414},"point_estimate":13642438.744391901,"standard_error":4430.867789840263},"StdDev":{"confidence_interval":{"confidence_level":0.95,"lower_bound":35569.27059232305,"upper_bound":57367.79970894262},"point_estimate":45987.46938955378,"standard_error":5748.648209016577}}