{"Mean":{"confidence_interval":{"confidence_level":0.95,"lower_bound":6228819.5861913925,"upper_bound":6365667.012375928},"point_estimate":6296239.255621273,"standard_error":34914.48025579413},"Median":{"confidence_interval":{"confidence_level":0.95,"lower_bound":6107238.863157894,"upper_bound":6274802.845360825},"point_estimate":6159872.243633277,"standard_error":41084.737726037754},"MedianAbsDev":{"confidence_interval":{"confidence_level":0.95,"lower_bound":211483.1995037902,"upper_bound":425534.3121539401},"point_estimate":304312.6134483588,"standard_error":54401.01665254268},"Slope":{"confidence_interval":{"confidence_level":0.95,"lower_bound":6369603.638136567,"upper_bound":6542532.623338116},"point_estimate":6457118.316406088,"standard_error":44051.788676342054},"StdDev":{"confidence_interval":{"confidence_level":0.95,"lower_bound":311890.4848196069,"upper_bound":382785.26052493515},"point_estimate":351759.8600465808,"standard_error":18118.103578155526}}