{"Mean":{"confidence_interval":{"confidence_level":0.95,"lower_bound":-0.04983835610349354,"upper_bound":-0.042983819752409634},"point_estimate":-0.04647735272860054,"standard_error":0.0017504870218827719},"Median":{"confidence_interval":{"confidence_level":0.95,"lower_bound":-0.050907917780703915,"upper_bound":-0.04054404566058856},"point_estimate":-0.046300095290588095,"standard_error":0.002674486052091757}}