{"Mean":{"confidence_interval":{"confidence_level":0.95,"lower_bound":-0.08554592073350262,"upper_bound":-0.07646074365036769},"point_estimate":-0.08098836451966995,"standard_error":0.0023203472458046023},"Median":{"confidence_interval":{"confidence_level":0.95,"lower_bound":-0.08670614796109806,"upper_bound":-0.07813586667589656},"point_estimate":-0.0826953771036344,"standard_error":0.0021947125685020073}}