{"Mean":{"confidence_interval":{"confidence_level":0.95,"lower_bound":3055807.531100663,"upper_bound":3100355.6842518123},"point_estimate":3077005.042619669,"standard_error":11362.89093806121},"Median":{"confidence_interval":{"confidence_level":0.95,"lower_bound":3036092.902777778,"upper_bound":3065716.248193473},"point_estimate":3046505.790625,"standard_error":7983.9994460587095},"MedianAbsDev":{"confidence_interval":{"confidence_level":0.95,"lower_bound":43246.79485740512,"upper_bound":91618.30263483702},"point_estimate":63228.765759733695,"standard_error":11664.30990726916},"Slope":{"confidence_interval":{"confidence_level":0.95,"lower_bound":3043740.6401512353,"upper_bound":3077093.2580855526},"point_estimate":3058888.7992079207,"standard_error":8533.500125487431},"StdDev":{"confidence_interval":{"confidence_level":0.95,"lower_bound":82751.80732120336,"upper_bound":145798.05780467414},"point_estimate":114223.26373305543,"standard_error":16392.68030631954}}