{"Mean":{"confidence_interval":{"confidence_level":0.95,"lower_bound":830250.1869804348,"upper_bound":860710.2098182115},"point_estimate":845094.6936219574,"standard_error":7701.95066923014},"Median":{"confidence_interval":{"confidence_level":0.95,"lower_bound":833698.9979879275,"upper_bound":852887.7885714286},"point_estimate":842816.509009009,"standard_error":4729.697864253692},"MedianAbsDev":{"confidence_interval":{"confidence_level":0.95,"lower_bound":31212.054879030216,"upper_bound":48420.434907847324},"point_estimate":40080.56227176763,"standard_error":4455.247184349705},"Slope":{"confidence_interval":{"confidence_level":0.95,"lower_bound":836272.8092701387,"upper_bound":853700.0913850325},"point_estimate":844957.3602381304,"standard_error":4457.299786045439},"StdDev":{"confidence_interval":{"confidence_level":0.95,"lower_bound":48902.92110347386,"upper_bound":104384.39842945755},"point_estimate":77284.57291887689,"standard_error":14367.601162446079}}