{"Mean":{"confidence_interval":{"confidence_level":0.95,"lower_bound":-0.3232363473767691,"upper_bound":-0.31385119975189485},"point_estimate":-0.31848902395664547,"standard_error":0.0023866999133552746},"Median":{"confidence_interval":{"confidence_level":0.95,"lower_bound":-0.32166726491528563,"upper_bound":-0.3144556047741588},"point_estimate":-0.3187877615220053,"standard_error":0.001982688461159297}}