{"Mean":{"confidence_interval":{"confidence_level":0.95,"lower_bound":5540140.431079646,"upper_bound":5613368.0740049295},"point_estimate":5576332.005260255,"standard_error":18669.591520796348},"Median":{"confidence_interval":{"confidence_level":0.95,"lower_bound":5521245.018924182,"upper_bound":5580672.805555556},"point_estimate":5555209.458531747,"standard_error":15909.087869252326},"MedianAbsDev":{"confidence_interval":{"confidence_level":0.95,"lower_bound":120259.5316113085,"upper_bound":190780.10077017747},"point_estimate":157843.49028423548,"standard_error":18219.85575890057},"Slope":{"confidence_interval":{"confidence_level":0.95,"lower_bound":5534978.175785495,"upper_bound":5611151.488442372},"point_estimate":5571658.254346091,"standard_error":19417.817829744316},"StdDev":{"confidence_interval":{"confidence_level":0.95,"lower_bound":157091.37292768262,"upper_bound":215252.23946070232},"point_estimate":187927.44475875853,"standard_error":14857.075816923056}}