{"Mean":{"confidence_interval":{"confidence_level":0.95,"lower_bound":-0.11775659381705131,"upper_bound":-0.11492822289025459},"point_estimate":-0.11635889489042528,"standard_error":0.000714692721774422},"Median":{"confidence_interval":{"confidence_level":0.95,"lower_bound":-0.11737742452369324,"upper_bound":-0.11467580280276657},"point_estimate":-0.11588568623371442,"standard_error":0.0006975562091249438}}