{"Mean":{"confidence_interval":{"confidence_level":0.95,"lower_bound":-0.05920438680822279,"upper_bound":-0.04787960260776505},"point_estimate":-0.05357225089187556,"standard_error":0.002897551036045225},"Median":{"confidence_interval":{"confidence_level":0.95,"lower_bound":-0.0613999864349527,"upper_bound":-0.053306803799045316},"point_estimate":-0.058479908594211594,"standard_error":0.002051317347148592}}