{"Mean":{"confidence_interval":{"confidence_level":0.95,"lower_bound":-0.04439485353519604,"upper_bound":-0.03484131248088507},"point_estimate":-0.039667935061871606,"standard_error":0.0024227951691050847},"Median":{"confidence_interval":{"confidence_level":0.95,"lower_bound":-0.04324462592362288,"upper_bound":-0.03567057214961855},"point_estimate":-0.0387909626879942,"standard_error":0.0018487403297373726}}