{"Mean":{"confidence_interval":{"confidence_level":0.95,"lower_bound":-0.050386257000199546,"upper_bound":-0.03667599579693426},"point_estimate":-0.04385638626787258,"standard_error":0.0034946292056013957},"Median":{"confidence_interval":{"confidence_level":0.95,"lower_bound":-0.05008428444450774,"upper_bound":-0.04058236103242685},"point_estimate":-0.04491568873071927,"standard_error":0.002388741839989251}}