{"Mean":{"confidence_interval":{"confidence_level":0.95,"lower_bound":-0.08114756444466859,"upper_bound":-0.06827500921688366},"point_estimate":-0.07456049458469405,"standard_error":0.0032941493770666554},"Median":{"confidence_interval":{"confidence_level":0.95,"lower_bound":-0.07355963468214291,"upper_bound":-0.05498976686031787},"point_estimate":-0.0642956087231894,"standard_error":0.005058549346531896}}