{"Mean":{"confidence_interval":{"confidence_level":0.95,"lower_bound":-0.009212032965647064,"upper_bound":-0.00038154856136687936},"point_estimate":-0.004725242526209428,"standard_error":0.002208021593639597},"Median":{"confidence_interval":{"confidence_level":0.95,"lower_bound":-0.015421875479944891,"upper_bound":-0.006472509924245418},"point_estimate":-0.00927040062973672,"standard_error":0.0022177634458165965}}