{"Mean":{"confidence_interval":{"confidence_level":0.95,"lower_bound":-0.013161952195598075,"upper_bound":0.0037759519579813007},"point_estimate":-0.005537362790711042,"standard_error":0.004373376945445997},"Median":{"confidence_interval":{"confidence_level":0.95,"lower_bound":-0.021582726765366544,"upper_bound":-0.0053489539782393715},"point_estimate":-0.012746227096471996,"standard_error":0.004517326756906582}}