{"Mean":{"confidence_interval":{"confidence_level":0.95,"lower_bound":3628286.228923229,"upper_bound":3657820.4298089333},"point_estimate":3643503.3763459898,"standard_error":7550.23740944301},"Median":{"confidence_interval":{"confidence_level":0.95,"lower_bound":3636127.346153846,"upper_bound":3666544.177102102},"point_estimate":3644574.85464939,"standard_error":8221.20784963927},"MedianAbsDev":{"confidence_interval":{"confidence_level":0.95,"lower_bound":34552.41274398202,"upper_bound":57978.2066870373},"point_estimate":41497.09624978932,"standard_error":6061.543306342925},"Slope":{"confidence_interval":{"confidence_level":0.95,"lower_bound":3646295.263882254,"upper_bound":3664230.4770879806},"point_estimate":3655285.679020245,"standard_error":4567.984124220883},"StdDev":{"confidence_interval":{"confidence_level":0.95,"lower_bound":55266.15809232437,"upper_bound":93718.90255635555},"point_estimate":75993.19314013948,"standard_error":9828.567435251709}}