{"Mean":{"confidence_interval":{"confidence_level":0.95,"lower_bound":-0.32625353420524783,"upper_bound":-0.3105406345575457},"point_estimate":-0.31839714556530896,"standard_error":0.004019493075999429},"Median":{"confidence_interval":{"confidence_level":0.95,"lower_bound":-0.3360096812553163,"upper_bound":-0.2948861738033094},"point_estimate":-0.307234939461993,"standard_error":0.00882350530868735}}