{"Mean":{"confidence_interval":{"confidence_level":0.95,"lower_bound":3006715.2695032638,"upper_bound":3028075.108860141},"point_estimate":3017349.3730105027,"standard_error":5462.10464865788},"Median":{"confidence_interval":{"confidence_level":0.95,"lower_bound":3005498.6145833335,"upper_bound":3024094.1774193547},"point_estimate":3010509.0052681994,"standard_error":4476.42090290329},"MedianAbsDev":{"confidence_interval":{"confidence_level":0.95,"lower_bound":26901.77343496113,"upper_bound":49418.27244954547},"point_estimate":39457.36375298137,"standard_error":5836.3892555038765},"Slope":{"confidence_interval":{"confidence_level":0.95,"lower_bound":3012135.22485704,"upper_bound":3027554.7372687357},"point_estimate":3019813.3976917393,"standard_error":3956.996940181422},"StdDev":{"confidence_interval":{"confidence_level":0.95,"lower_bound":44310.71135155414,"upper_bound":64101.034267701005},"point_estimate":54750.686808959654,"standard_error":5054.2738628853895}}