{"Mean":{"confidence_interval":{"confidence_level":0.95,"lower_bound":-0.1164156508058633,"upper_bound":-0.10689208302406597},"point_estimate":-0.112196621222032,"standard_error":0.002355787095567639},"Median":{"confidence_interval":{"confidence_level":0.95,"lower_bound":-0.11709227622840182,"upper_bound":-0.10961107902937695},"point_estimate":-0.11230122783193874,"standard_error":0.0018704358396846197}}