{"Mean":{"confidence_interval":{"confidence_level":0.95,"lower_bound":-0.07469080660020325,"upper_bound":-0.036402573428150724},"point_estimate":-0.055894248395090385,"standard_error":0.009781551317893147},"Median":{"confidence_interval":{"confidence_level":0.95,"lower_bound":-0.08234547891180165,"upper_bound":-0.047846466552367684},"point_estimate":-0.06929648637175523,"standard_error":0.008888976811471626}}