{"Mean":{"confidence_interval":{"confidence_level":0.95,"lower_bound":1762055.367466234,"upper_bound":1785227.4455072922},"point_estimate":1773661.384082002,"standard_error":5897.614896319404},"Median":{"confidence_interval":{"confidence_level":0.95,"lower_bound":1764893.7460759494,"upper_bound":1781611.8275862068},"point_estimate":1772088.1091589862,"standard_error":4315.778491615492},"MedianAbsDev":{"confidence_interval":{"confidence_level":0.95,"lower_bound":24345.768569343465,"upper_bound":45445.71294293643},"point_estimate":32293.44246611564,"standard_error":5405.516691735572},"Slope":{"confidence_interval":{"confidence_level":0.95,"lower_bound":1766544.137914456,"upper_bound":1780957.1669482845},"point_estimate":1773825.8522203339,"standard_error":3673.7899486468446},"StdDev":{"confidence_interval":{"confidence_level":0.95,"lower_bound":44665.0428765308,"upper_bound":72259.23056329644},"point_estimate":59153.345303981856,"standard_error":7021.894649568706}}