{"Mean":{"confidence_interval":{"confidence_level":0.95,"lower_bound":1521914.5864732603,"upper_bound":1548001.390458375},"point_estimate":1534335.67329309,"standard_error":6648.21495152136},"Median":{"confidence_interval":{"confidence_level":0.95,"lower_bound":1519560.8911290322,"upper_bound":1532868.5863049095},"point_estimate":1525701.2299612402,"standard_error":3158.1842319864186},"MedianAbsDev":{"confidence_interval":{"confidence_level":0.95,"lower_bound":23478.432272411763,"upper_bound":44815.68144651887},"point_estimate":33474.02587160048,"standard_error":5399.514711422452},"Slope":{"confidence_interval":{"confidence_level":0.95,"lower_bound":1521330.9054416888,"upper_bound":1535532.928566615},"point_estimate":1528243.6902253584,"standard_error":3619.9524957670133},"StdDev":{"confidence_interval":{"confidence_level":0.95,"lower_bound":43496.29783461634,"upper_bound":87516.59040545812},"point_estimate":66920.01011557931,"standard_error":11221.57156261012}}