{"Mean":{"confidence_interval":{"confidence_level":0.95,"lower_bound":22232591.011168625,"upper_bound":22436951.78993102},"point_estimate":22331620.760406222,"standard_error":52028.609051210544},"Median":{"confidence_interval":{"confidence_level":0.95,"lower_bound":22081970.274925224,"upper_bound":22290445.797222223},"point_estimate":22223106.196600147,"standard_error":51417.03404428399},"MedianAbsDev":{"confidence_interval":{"confidence_level":0.95,"lower_bound":341433.2605948523,"upper_bound":578874.6282910939},"point_estimate":498482.4762095463,"standard_error":60955.770323717625},"Slope":{"confidence_interval":{"confidence_level":0.95,"lower_bound":22266705.133505687,"upper_bound":22553644.909689814},"point_estimate":22405136.53454707,"standard_error":73512.96927553025},"StdDev":{"confidence_interval":{"confidence_level":0.95,"lower_bound":426188.18714876584,"upper_bound":605563.8368446267},"point_estimate":522639.94694283407,"standard_error":45929.42504197385}}