{"Mean":{"confidence_interval":{"confidence_level":0.95,"lower_bound":-0.11851080205717354,"upper_bound":-0.11608600061550034},"point_estimate":-0.11726540616987058,"standard_error":0.0006216543307821907},"Median":{"confidence_interval":{"confidence_level":0.95,"lower_bound":-0.11767181860595788,"upper_bound":-0.11581417858445964},"point_estimate":-0.11654689199184598,"standard_error":0.0004681387407874918}}