{"Mean":{"confidence_interval":{"confidence_level":0.95,"lower_bound":1205742.3300830831,"upper_bound":1228470.7871049813},"point_estimate":1216985.842058681,"standard_error":5811.161468016398},"Median":{"confidence_interval":{"confidence_level":0.95,"lower_bound":1202253.5038527888,"upper_bound":1228558.290909091},"point_estimate":1216831.649897704,"standard_error":7228.624647100198},"MedianAbsDev":{"confidence_interval":{"confidence_level":0.95,"lower_bound":33355.72948473076,"upper_bound":53166.531738317935},"point_estimate":39225.16962768389,"standard_error":5005.543158562931},"Slope":{"confidence_interval":{"confidence_level":0.95,"lower_bound":1200471.8565542507,"upper_bound":1217571.6888591712},"point_estimate":1209003.912398404,"standard_error":4361.090678590105},"StdDev":{"confidence_interval":{"confidence_level":0.95,"lower_bound":46154.56715635564,"upper_bound":71061.51229678196},"point_estimate":58683.32813361648,"standard_error":6402.11884727472}}