{"Mean":{"confidence_interval":{"confidence_level":0.95,"lower_bound":-0.12631378567303653,"upper_bound":-0.10964519890155723},"point_estimate":-0.11823560302132718,"standard_error":0.0042273566674541005},"Median":{"confidence_interval":{"confidence_level":0.95,"lower_bound":-0.13154884403092693,"upper_bound":-0.12233482280904528},"point_estimate":-0.12783449747550524,"standard_error":0.002459678203642476}}