{"Mean":{"confidence_interval":{"confidence_level":0.95,"lower_bound":-0.06080711455077789,"upper_bound":-0.048766679272554285},"point_estimate":-0.054665181247469774,"standard_error":0.0030740349951684964},"Median":{"confidence_interval":{"confidence_level":0.95,"lower_bound":-0.06026431001714927,"upper_bound":-0.049092211800618846},"point_estimate":-0.05418105239609916,"standard_error":0.002849679106531322}}