{"Mean":{"confidence_interval":{"confidence_level":0.95,"lower_bound":-0.02131004565065349,"upper_bound":-0.012016245832031777},"point_estimate":-0.017090576327884466,"standard_error":0.002218282492045484},"Median":{"confidence_interval":{"confidence_level":0.95,"lower_bound":-0.02879009327793566,"upper_bound":-0.010763369831559344},"point_estimate":-0.021052411014129024,"standard_error":0.005762688419370315}}