{"Mean":{"confidence_interval":{"confidence_level":0.95,"lower_bound":6875111.083390317,"upper_bound":6989773.938135179},"point_estimate":6931317.857829425,"standard_error":29231.18471034603},"Median":{"confidence_interval":{"confidence_level":0.95,"lower_bound":6808042.963125,"upper_bound":6917067.929411764},"point_estimate":6866434.911363636,"standard_error":30964.82895272027},"MedianAbsDev":{"confidence_interval":{"confidence_level":0.95,"lower_bound":207924.99908785414,"upper_bound":354027.71404794},"point_estimate":282365.39584012394,"standard_error":39092.72033999635},"Slope":{"confidence_interval":{"confidence_level":0.95,"lower_bound":6876435.448527141,"upper_bound":7022370.717200511},"point_estimate":6945740.982698389,"standard_error":37095.434850116064},"StdDev":{"confidence_interval":{"confidence_level":0.95,"lower_bound":254636.67202255654,"upper_bound":326352.30883666174},"point_estimate":293803.18460069306,"standard_error":18286.364739617133}}