{"Mean":{"confidence_interval":{"confidence_level":0.95,"lower_bound":13194102.018438328,"upper_bound":13216655.37908951},"point_estimate":13205082.689842265,"standard_error":5759.170193900296},"Median":{"confidence_interval":{"confidence_level":0.95,"lower_bound":13185546.17857143,"upper_bound":13207037.015675675},"point_estimate":13200860.469565216,"standard_error":5974.86831629373},"MedianAbsDev":{"confidence_interval":{"confidence_level":0.95,"lower_bound":34451.90779648548,"upper_bound":60125.881810597435},"point_estimate":48544.6614279322,"standard_error":6306.732423732283},"Slope":{"confidence_interval":{"confidence_level":0.95,"lower_bound":13201164.339450998,"upper_bound":13228531.517746074},"point_estimate":13214367.977431653,"standard_error":6992.346901723773},"StdDev":{"confidence_interval":{"confidence_level":0.95,"lower_bound":45549.4109813574,"upper_bound":70746.52890120745},"point_estimate":57958.0668517366,"standard_error":6524.100489487027}}