{"Mean":{"confidence_interval":{"confidence_level":0.95,"lower_bound":5568159.808511051,"upper_bound":5609663.927910978},"point_estimate":5588233.73235769,"standard_error":10584.87683708999},"Median":{"confidence_interval":{"confidence_level":0.95,"lower_bound":5561728.1,"upper_bound":5598585.434782608},"point_estimate":5583172.548804012,"standard_error":10519.297432480069},"MedianAbsDev":{"confidence_interval":{"confidence_level":0.95,"lower_bound":55466.581848336085,"upper_bound":89939.90465886459},"point_estimate":66374.08051351011,"standard_error":8859.867052382166},"Slope":{"confidence_interval":{"confidence_level":0.95,"lower_bound":5556311.962480699,"upper_bound":5580816.6021332145},"point_estimate":5568326.138210433,"standard_error":6248.292551747937},"StdDev":{"confidence_interval":{"confidence_level":0.95,"lower_bound":78188.74723523899,"upper_bound":131540.3950763217},"point_estimate":106048.6786628171,"standard_error":13646.158756584558}}