{"Mean":{"confidence_interval":{"confidence_level":0.95,"lower_bound":-0.07899068709365542,"upper_bound":-0.04156925300757697},"point_estimate":-0.059339754047775806,"standard_error":0.009480458142010475},"Median":{"confidence_interval":{"confidence_level":0.95,"lower_bound":-0.04860831947125632,"upper_bound":-0.015855361216135067},"point_estimate":-0.026266334227845523,"standard_error":0.008412650319434157}}