{"Mean":{"confidence_interval":{"confidence_level":0.95,"lower_bound":-0.26614663009867007,"upper_bound":-0.251126844376568},"point_estimate":-0.25914196852012694,"standard_error":0.003845219081870322},"Median":{"confidence_interval":{"confidence_level":0.95,"lower_bound":-0.2659253850064016,"upper_bound":-0.25822544730210406},"point_estimate":-0.2626953533107248,"standard_error":0.00189287189519844}}