{"Mean":{"confidence_interval":{"confidence_level":0.95,"lower_bound":805760.0049338128,"upper_bound":825722.7095300556},"point_estimate":816056.2186724176,"standard_error":5078.599320741817},"Median":{"confidence_interval":{"confidence_level":0.95,"lower_bound":814485.533045977,"upper_bound":833387.4147058823},"point_estimate":824052.1698994788,"standard_error":5379.086800135204},"MedianAbsDev":{"confidence_interval":{"confidence_level":0.95,"lower_bound":27386.78745595607,"upper_bound":46863.93524289835},"point_estimate":37301.070699609445,"standard_error":4915.331185662498},"Slope":{"confidence_interval":{"confidence_level":0.95,"lower_bound":809194.757779709,"upper_bound":828146.9713879712},"point_estimate":818888.8207617851,"standard_error":4826.704514693382},"StdDev":{"confidence_interval":{"confidence_level":0.95,"lower_bound":37959.02663199288,"upper_bound":63236.27885448683},"point_estimate":50918.263057166776,"standard_error":6538.303579125444}}