{"Mean":{"confidence_interval":{"confidence_level":0.95,"lower_bound":1099271.866124258,"upper_bound":1127818.148736108},"point_estimate":1114155.915281145,"standard_error":7262.780007374998},"Median":{"confidence_interval":{"confidence_level":0.95,"lower_bound":1111722.3351190477,"upper_bound":1135521.1145833333},"point_estimate":1122075.7839756592,"standard_error":6202.710318981596},"MedianAbsDev":{"confidence_interval":{"confidence_level":0.95,"lower_bound":35893.63709726844,"upper_bound":58874.733141001634},"point_estimate":45288.2737692442,"standard_error":5681.330755239888},"Slope":{"confidence_interval":{"confidence_level":0.95,"lower_bound":1109475.604443844,"upper_bound":1128965.7749468016},"point_estimate":1119129.6436559774,"standard_error":4976.8670745113595},"StdDev":{"confidence_interval":{"confidence_level":0.95,"lower_bound":52868.68015821369,"upper_bound":91927.05266664759},"point_estimate":73228.46852157671,"standard_error":10011.090215689932}}