{"Mean":{"confidence_interval":{"confidence_level":0.95,"lower_bound":917231.0915782718,"upper_bound":939665.6898572723},"point_estimate":928751.1367624056,"standard_error":5714.3618581024275},"Median":{"confidence_interval":{"confidence_level":0.95,"lower_bound":926979.7750759878,"upper_bound":939090.2857905983},"point_estimate":930177.5753782301,"standard_error":3171.304398891575},"MedianAbsDev":{"confidence_interval":{"confidence_level":0.95,"lower_bound":24443.346040286287,"upper_bound":41014.65524569331},"point_estimate":34940.72774634473,"standard_error":4487.755858637022},"Slope":{"confidence_interval":{"confidence_level":0.95,"lower_bound":929189.002471395,"upper_bound":944656.9905727752},"point_estimate":936688.4254605332,"standard_error":3952.7087984743257},"StdDev":{"confidence_interval":{"confidence_level":0.95,"lower_bound":43031.37872930539,"upper_bound":70182.69415548144},"point_estimate":57051.261577817306,"standard_error":6970.009304657206}}