{"Mean":{"confidence_interval":{"confidence_level":0.95,"lower_bound":-0.08584214210268401,"upper_bound":-0.05327730248708378},"point_estimate":-0.07021992977107372,"standard_error":0.008299024731075712},"Median":{"confidence_interval":{"confidence_level":0.95,"lower_bound":-0.09030055346557542,"upper_bound":-0.057350472652684226},"point_estimate":-0.07696135736938925,"standard_error":0.00865980584176702}}