{"Mean":{"confidence_interval":{"confidence_level":0.95,"lower_bound":-0.09347019171460957,"upper_bound":-0.055657286270748466},"point_estimate":-0.0737550378777394,"standard_error":0.009586099615927622},"Median":{"confidence_interval":{"confidence_level":0.95,"lower_bound":-0.0818809847493086,"upper_bound":-0.06220763731801392},"point_estimate":-0.0734079868732952,"standard_error":0.004979532938706401}}