{"Mean":{"confidence_interval":{"confidence_level":0.95,"lower_bound":-0.3098242772376616,"upper_bound":-0.2971968653001868},"point_estimate":-0.30346101784132695,"standard_error":0.003228400973117688},"Median":{"confidence_interval":{"confidence_level":0.95,"lower_bound":-0.3116334961189635,"upper_bound":-0.3019018065706782},"point_estimate":-0.30705182004407783,"standard_error":0.00256206788656072}}