{"Mean":{"confidence_interval":{"confidence_level":0.95,"lower_bound":-0.25155180401939825,"upper_bound":-0.23193140302722692},"point_estimate":-0.24135771259084426,"standard_error":0.005029190657052697},"Median":{"confidence_interval":{"confidence_level":0.95,"lower_bound":-0.2493594827027632,"upper_bound":-0.23110649528694271},"point_estimate":-0.2390115186097478,"standard_error":0.00490418014238898}}