{"Mean":{"confidence_interval":{"confidence_level":0.95,"lower_bound":-0.328803386800073,"upper_bound":-0.3227282881021805},"point_estimate":-0.3258314951072543,"standard_error":0.0015309369683742806},"Median":{"confidence_interval":{"confidence_level":0.95,"lower_bound":-0.32833056224301904,"upper_bound":-0.3242545130533355},"point_estimate":-0.32582861265848173,"standard_error":0.0010450073198772006}}