{"Mean":{"confidence_interval":{"confidence_level":0.95,"lower_bound":4243086.1220614305,"upper_bound":4269711.1330126915},"point_estimate":4256787.613291523,"standard_error":6815.836402651921},"Median":{"confidence_interval":{"confidence_level":0.95,"lower_bound":4251105.904761905,"upper_bound":4271380.933333334},"point_estimate":4261704.515356265,"standard_error":5365.520056148524},"MedianAbsDev":{"confidence_interval":{"confidence_level":0.95,"lower_bound":29820.381126513705,"upper_bound":52500.69905475442},"point_estimate":37072.56884172146,"standard_error":5808.509662768629},"Slope":{"confidence_interval":{"confidence_level":0.95,"lower_bound":4256211.673380992,"upper_bound":4268591.669116597},"point_estimate":4262378.79346978,"standard_error":3155.284665162642},"StdDev":{"confidence_interval":{"confidence_level":0.95,"lower_bound":49743.32887594807,"upper_bound":85908.34810077406},"point_estimate":68555.29561212618,"standard_error":9247.425368872708}}