{"Mean":{"confidence_interval":{"confidence_level":0.95,"lower_bound":-0.0729988491613444,"upper_bound":-0.04909104005458323},"point_estimate":-0.061229064712387204,"standard_error":0.0060999572180140725},"Median":{"confidence_interval":{"confidence_level":0.95,"lower_bound":-0.07049969961292046,"upper_bound":-0.04682226300335435},"point_estimate":-0.06052684347591741,"standard_error":0.0060820251888576}}