{"Mean":{"confidence_interval":{"confidence_level":0.95,"lower_bound":679940.897807968,"upper_bound":695342.1064649223},"point_estimate":687801.9905748662,"standard_error":3923.739396678016},"Median":{"confidence_interval":{"confidence_level":0.95,"lower_bound":683943.3658201059,"upper_bound":701890.5420054201},"point_estimate":693532.1050184383,"standard_error":4437.678509730087},"MedianAbsDev":{"confidence_interval":{"confidence_level":0.95,"lower_bound":23008.280230547272,"upper_bound":38712.23227338797},"point_estimate":30155.815196512856,"standard_error":3943.941735811839},"Slope":{"confidence_interval":{"confidence_level":0.95,"lower_bound":672093.4109792707,"upper_bound":688707.018487542},"point_estimate":680590.3334180582,"standard_error":4253.821668763857},"StdDev":{"confidence_interval":{"confidence_level":0.95,"lower_bound":29286.26660379698,"upper_bound":49926.302428669645},"point_estimate":39332.554216452234,"standard_error":5367.913427463299}}